kind,rate,frames,notes,seconds,mean_us,p50_us,p95_us,p99_us,worst_us,deadline_misses,part_bytes
DX7,44100,128,1,30,65.224,65.041,65.625,75.542,110.833,0,13408
DX7,44100,128,4,30,122.011,121.334,123.084,136.791,179.375,0,13408
DX7,44100,128,8,30,249.828,248.791,259.583,267.459,306.542,0,13408
DX7,44100,128,16,30,506.989,504.583,522.084,532.583,613.958,0,13408
DX7,44100,128,32,30,1019.354,1013.542,1040.375,1064.000,1142.167,0,13408
DX7,44100,512,1,30,259.421,258.416,268.042,276.208,321.417,0,13408
DX7,44100,512,4,30,486.407,484.750,497.291,504.875,546.292,0,13408
DX7,44100,512,8,30,995.116,991.666,1009.458,1025.208,1058.167,0,13408
DX7,44100,512,16,30,2016.292,2015.417,2038.166,2077.833,2108.750,0,13408
DX7,44100,512,32,30,4045.479,4041.917,4068.750,4120.958,4145.750,0,13408
DX7,48000,128,1,30,62.831,63.875,64.459,74.375,126.875,0,13408
DX7,48000,128,4,30,115.119,119.875,121.333,134.458,175.875,0,13408
DX7,48000,128,8,30,238.280,248.500,259.000,270.083,314.125,0,13408
DX7,48000,128,16,30,484.357,504.584,523.833,534.916,612.500,0,13408
DX7,48000,128,32,30,979.774,1013.250,1060.500,1119.125,1256.500,0,13408
DX7,48000,512,1,30,252.491,247.625,278.542,298.958,324.042,0,13408
DX7,48000,512,4,30,464.116,449.458,498.459,529.375,584.208,0,13408
DX7,48000,512,8,30,954.875,935.375,1024.916,1052.333,1103.375,0,13408
DX7,48000,512,16,30,1910.812,1867.833,2014.833,2037.583,2142.875,0,13408
DX7,48000,512,32,30,3858.245,3776.208,4069.042,4106.375,4253.375,0,13408
DX7,96000,128,1,30,47.782,48.125,48.709,58.334,106.750,0,13408
DX7,96000,128,4,30,74.104,76.416,77.583,90.708,150.500,0,13408
DX7,96000,128,8,30,152.358,157.209,161.292,177.042,222.834,0,13408
DX7,96000,128,16,30,310.074,320.250,335.708,347.958,417.958,0,13408
DX7,96000,128,32,30,629.374,642.833,685.125,778.459,882.875,0,13408
DX7,96000,512,1,30,189.388,191.333,194.542,207.666,244.125,0,13408
DX7,96000,512,4,30,294.218,303.625,313.833,322.291,373.333,0,13408
DX7,96000,512,8,30,602.233,621.833,638.458,649.250,690.375,0,13408
DX7,96000,512,16,30,1219.533,1258.250,1283.334,1300.542,1395.042,0,13408
DX7,96000,512,32,30,2463.779,2537.500,2594.667,2694.125,2800.292,0,13408
OPLL / MSX,48000,512,1,30,624.748,619.500,653.333,658.000,702.334,0,11152
VRC7,48000,512,1,30,628.450,627.959,640.208,647.208,676.959,0,11152
Sega PSG,48000,512,1,30,386.074,380.625,407.167,414.458,427.875,0,6776
GB Pulse,48000,512,1,30,374.086,370.125,391.708,430.208,454.125,0,6776
GB Noise,48000,512,1,30,418.639,403.959,614.833,659.458,680.459,0,6776
Genesis FM,48000,512,1,30,915.479,912.917,928.958,938.000,972.416,0,20656
Arcade FM,48000,512,1,30,757.803,756.000,772.334,781.375,810.250,0,20656
OPL2,48000,512,1,30,658.807,657.416,674.625,685.709,711.666,0,32768
OPL3 four,48000,512,1,30,1212.390,1208.375,1252.708,1264.958,1303.459,0,32768
OPL3 dual,48000,512,1,30,1197.375,1189.708,1241.917,1249.209,1271.084,0,32768
OPLL / MSX,48000,512,8,30,5005.262,5002.084,5057.209,5105.333,5163.666,0,11152
VRC7,48000,512,8,30,5040.283,5038.542,5082.292,5121.958,5211.208,0,11152
Sega PSG,48000,512,8,30,3030.042,3027.500,3061.625,3101.875,3145.042,0,6776
GB Pulse,48000,512,8,30,3011.646,3009.125,3036.833,3072.417,3114.417,0,6776
GB Noise,48000,512,8,30,3272.955,3258.500,3479.875,3513.417,3555.416,0,6776
Genesis FM,48000,512,8,30,7396.256,7389.958,7457.334,7541.042,7606.084,0,20656
Arcade FM,48000,512,8,30,6051.091,6044.209,6123.542,6219.500,6274.042,0,20656
OPL2,48000,512,8,30,5089.758,5084.917,5149.958,5255.250,5343.917,0,32768
OPL3 four,48000,512,8,30,9209.431,9216.375,9295.416,9360.167,9683.917,0,32768
OPL3 dual,48000,512,8,30,9164.690,9136.750,9398.375,9434.833,9709.000,0,32768
Mixed song+2 inserts+sends,48000,512,8,30,8967.999,9148.417,9442.417,9704.042,18931.500,14,782032
FM-heavy song+2 inserts+sends,48000,512,8,30,9932.167,10089.333,10395.000,11049.208,21932.750,36,782032
FM-heavy chord song+2 inserts+sends,48000,512,11,30,10148.868,10316.833,10636.500,10771.542,11596.667,92,782032
Mixed song+4 inserts+sends,48000,512,8,30,9931.934,10064.834,10438.167,10518.375,10866.625,5,782032
FM-heavy song+4 inserts+sends,48000,512,8,30,10796.381,10919.125,11301.500,11399.209,11685.333,1511,782032
FM-heavy chord song+4 inserts+sends,48000,512,11,30,10931.349,11090.041,11470.083,11591.417,14890.167,1661,782032
Mixed song (4 tracks)+4 inserts+sends,48000,512,4,30,9074.653,9495.500,11350.792,11527.541,30137.334,812,782032
FM-heavy song (4 tracks)+4 inserts+sends,48000,512,4,30,7989.729,7735.583,12944.167,13746.250,14023.625,205,782032
FM-heavy chord song (4 tracks)+4 inserts+sends,48000,512,7,30,8264.003,7964.541,13172.250,13967.625,14297.208,236,782032
4WAV+2chip+2FM song (8 tracks)+4 inserts+sends,48000,512,8,30,7445.996,7687.167,7988.167,8059.917,8646.750,0,782032
4WAV+2chip+2FM chord song (8 tracks)+4 inserts+sends,48000,512,11,30,7689.152,7930.417,8253.583,8332.625,12142.667,1,782032
Mixed song+16 inserts+sends,48000,512,8,30,16085.941,16149.000,16737.000,16834.125,17166.625,2812,782032
FM-heavy song+16 inserts+sends,48000,512,8,30,17027.497,17142.125,17657.500,17795.750,18040.167,2812,782032
FM-heavy chord song+16 inserts+sends,48000,512,11,30,17268.775,17372.833,17926.125,18071.375,18461.042,2812,782032
